Email,First Name,Last Name
simon@dummyid.com, Simon, Raza
nil@dummyid.com, Nil, Dianga
baron@dummyid.com, Baron, Jones
cali@dummyid.com, Cali, Miller
ebba@dummyid.com, Ebba, Davis
fanny@dummyid.com, Fanny, Williams
hal@dummyid.com, Hal, Wilson 
